ID,TEXTO,RESPUESTA_A,RESPUESTA_B,RESPUESTA_C,RESPUESTA_D,CORRECTA_A,CORRECTA_B,CORRECTA_C,CORRECTA_D,ORIGEN,AVISO
160,"La resolución conjunta de la Secretaría General de Calidad e Innovación de la Consejería de Salud y Bienestar Social y la Dirección Gerencia del Servicio Andaluz de Salud, por la que se establece la nueva estructura organizativa funcional del Área de Tecnologías de la Información y las Comunicaciones en el ámbito del Sistema Público de Salud y Bienestar Social, es la resolución:","SA 0128/2013, de 4 de mayo.","SA 0157/2013, de 4 de abril.","SA 0159/2013, de 30 de abril.","SA 0116/2013, de 3 de febrero.",N,S,N,N,OFICIAL,
355,¿Cuál es el nombre del servicio de soporte integral TIC (tecnologías de la información y comunicaciones) para los profesionales del SAS?,DigiSAS.,SAS Digital.,Transforma SAS.,Ayuda Digital.,N,N,N,S,OFICIAL,
363,"¿Cuál de los siguientes usos del equipamiento TIC NO es correcto, de acuerdo al Código de Conducta en el uso de las Tecnologías de la Información y la Comunicación para profesionales públicos de la Administración de la Junta de Andalucía?","La puesta a disposición del equipamiento TIC no implica cesión de su propiedad, sino exclusivamente cesión de su uso.",Los profesionales no permitirán ni facilitarán el uso del equipamiento TIC a terceros que no estén debidamente autorizados.,"Los profesionales no alterarán el software que esté instalado en el equipamiento TIC, ni instalarán nuevo software, excepto cuando sea de libre uso o gratuito.",Los profesionales realizarán un uso del equipamiento TIC compatible con el desempeño de sus funciones.,N,N,S,N,OFICIAL,
377,"¿Qué aplicación corporativa gestiona el cambio y unificación de contraseñas en el dominio del SAS, aplicaciones de DIRAYA, correo corporativo, E-profesional y GESFORMA?",MACO.,AGESCON.,IDENTIK.,WEBSSO (web single sign on).,N,S,N,N,OFICIAL,
501,"Hay cambios que se han incorporado para gestionar la crisis sanitaria de COVID y que han venido para quedarse. Las TIC se convierten en un elemento fundamental para la provisión de servicios de salud. Tras la reunión mantenida por la dirección de un Área de Gestión Sanitaria, se decide la utilización de plataformas y herramientas de uso corporativo, para evitar desplazamientos innecesarios, además de mejorar la comunicación entre los profesionales y entre el propio profesional y su paciente.  
 
 ¿Qué aplicación corporativa gestiona el cambio y unificación de contraseñas en el dominio del SAS, aplicaciones de Diraya, Siglo, Correo Corporativo, E-Profesional y Gesforma?",MACO,AGESCON,MiCentroServicio (MICS),Web single sign-on (Web-SSO),N,S,N,N,OFICIAL,
794,"En la política de puesto de usuario de la Junta de Andalucía, y según se recoge en su “Resolución de 22 de octubre de 2020, de la Secretaría General para la Administración Pública, por la que se aprueba el Código de Conducta en el uso de las Tecnologías de la Información y la Comunicación para profesionales públicos de la Administración de la Junta de Andalucía.” se hace referencia concreta al uso de dispositivos “dispositivos de almacenamiento extraíble” (ej: memorias USB). ¿Cuál de estas afirmaciones es correcta?",Que el uso admisible de estos dispositivos está aconsejado siempre y cuando no exista otro método de transporte de la información más seguro.,Que el uso admisible de estos dispositivos es exclusivamente el de instrumento de transporte de ficheros aplicando las medidas de seguridad establecidas para ello.,Que el uso admisible de estos dispositivos está totalmente prohibido e incurre en un incidente grave de seguridad.,Dicha resolución es muy genérica y no hace referencia a los dispositivos USB.,N,S,N,N,OFICIAL,
6436,"CASO PRÁCTICO 8: Pedro Cuchilla Blanco se incorpora a trabajar como facultativo especialista en cirugía general y digestiva al Hospital Universitario del Sur, perteneciente al SAS. Es recibido por el departamento de personal del centro y su contrato queda grabado en Gerhonte por el auxiliar administrativo encargado. El cirujano Cuchilla recibirá un SMS en el móvil que ha registrado en Gerhonte, en el que se le informará que ha sido dado de alta en los sistemas del SAS y cual es su usuario correspondiente. ¿Qué aplicación del SAS podrá usar para cambiar autónomamente su contraseña?",MACO.,AGESCON.,TELEMACO.,IDENTIC.,N,S,N,N,OFICIAL,
9585,Inihos e Infhos son...,Métodos de programación.,Sistemas corporativos del SAS.,Sistemas de Almacenamiento.,Lenguajes TIC.,N,S,N,N,OFICIAL,
