TEMA;ARCHIVO_MD;CSV_PREGUNTAS;N_PREGUNTAS_OFICIALES;ANULADAS;VARIAS_CORRECTAS;ESTADO;FECHA;OBSERVACIONES
1;1. Constitucion.md;preguntasTema01.csv;17;0;0;ELABORADO;01/10/2026;37 págs. 17 preguntas OK (0 claves erróneas). Añadidas reformas 2024 (art. 49) y 2026 (art. 69.3); reforma art. 43 en tramitación
2;2. Estatuto Autonomia.md;preguntasTema02.csv;21;0;0;PENDIENTE;;
3;3. Organización Sanitaria I.md;preguntasTema03.csv;21;0;0;PENDIENTE;;
4;4. Organización Sanitaria II.md;preguntasTema04.csv;18;0;0;PENDIENTE;;
5;5. Protección de datos.md;preguntasTema05.csv;28;0;0;PENDIENTE;;
6;6. Prevención de Riesgos laborales.md;preguntasTema06.csv;10;0;0;PENDIENTE;;
7;7. Igualdad.md;preguntasTema07.csv;9;1;0;PENDIENTE;;
8;8. Régimen jurídico de personal. Estatuto Básico del Empleado Público.md;preguntasTema08.csv;20;0;0;PENDIENTE;;
9;9. Autonomía del paciente.md;preguntasTema09.csv;22;0;0;PENDIENTE;;
10;10. Las tecnologías de la información y comunicaciones en el Servicio Andaluz de Salud.md;preguntasTema10.csv;8;0;0;PENDIENTE;;
11;11. El Derecho Administrativo (I).md;preguntasTema11.csv;3;0;0;PENDIENTE;;
12;12. El Derecho Administrativo (II).md;preguntasTema12.csv;7;1;0;PENDIENTE;;
13;13. El Procedimiento Administrativo.md;preguntasTema13.csv;4;0;0;PENDIENTE;;
14;14. Recursos administrativos.md;preguntasTema14.csv;1;0;0;PENDIENTE;;
15;15. Responsabilidad patrimonial.md;preguntasTema15.csv;7;0;0;PENDIENTE;;
16;16. Contratos del sector público.md;preguntasTema16.csv;24;1;0;PENDIENTE;;
17;17. Política sanitaria.md;preguntasTema17.csv;1;0;0;PENDIENTE;;
18;18. Derechos de los cuidadanos.md;preguntasTema18.csv;14;0;0;PENDIENTE;;
19;19. Cohesion y Calidad del SNS.md;preguntasTema19.csv;8;0;0;PENDIENTE;;
20;20. Ordenación de las profesiones sanitarias.md;preguntasTema20.csv;4;0;0;PENDIENTE;;
21;21. Ordenación territorial del SNS.md;;;;;PENDIENTE;;
22;22. Los contrato programa.md;preguntasTema22.csv;20;0;0;PENDIENTE;;
23;23. Organizacion sanitaria publica de andalucia IV.md;preguntasTema23.csv;4;0;0;PENDIENTE;;
24;24. Organizacion sanitaria publica de andalucia V.md;preguntasTema24.csv;3;0;0;PENDIENTE;;
25;25. Hacienda Publica PresupuestoI.md;preguntasTema25.csv;4;0;0;PENDIENTE;;
26;26. Hacienda Publica Presupuesto.md;preguntasTema26.csv;3;0;0;PENDIENTE;;
27;27. La Estrategia de Salud Digital en Andalucía.md;preguntasTema27.csv;11;0;0;PENDIENTE;;
28;;preguntasTema28.csv;2;0;0;PENDIENTE;;
29;;preguntasTema29.csv;8;0;0;PENDIENTE;;
30;30. Gestión del Porfolio.md;preguntasTema30.csv;1;0;0;ELABORADO;2026-10-01;"1 pregunta oficial cubierta (clave correcta). Sin doc. oficial público de ""Mapa de soluciones digitales"": tratado como concepto + mapa didáctico del catálogo ayudaDIGITAL"
31;;preguntasTema31.csv;7;0;0;PENDIENTE;;
32;32. La contratación de bienes y servicios TIC.md;preguntasTema32.csv;23;0;0;ELABORADO;01/10/2026;30 págs. 23 preguntas cubiertas; 2 claves desactualizadas por DL 3/2024 (169, 300: menores TIC → comunicación). Umbrales 2026, Ley 8/2025 DA 16ª, Decreto 189/2026
33;;preguntasTema33.csv;14;0;0;PENDIENTE;;
34;;preguntasTema34.csv;9;0;0;PENDIENTE;;
35;;preguntasTema35.csv;1;0;0;PENDIENTE;;
36;36. ITIL ISO 20000 COBIT.md;preguntasTema36.csv;56;0;0;ELABORADO;01/10/2026;39 págs. 56 preguntas OK (1 clave probablemente errónea: 7021; 1 discutible: 6325). Añadidos ITIL (Version 5) 2026, ISO 20000-1 Amd 1:2024, COBIT 2019 + actualización anunciada
37;37. Gestión de proyectos TIC.md;preguntasTema37.csv;31;0;0;ELABORADO;02/10/2026;42 págs. 31 preguntas OK (0 claves erróneas, 3 con matiz: 1289, 6327/7133, 902). PMBOK 8 y PRINCE2 7; Factoría/MCMI 2.0 no verificado
38;38. Herramientas de Gestión TIC.md;preguntasTema38.csv;22;0;0;PENDIENTE;;
39;39. El ciclo de vida de los sistemas de información.md;preguntasTema39.csv;42;1;0;PENDIENTE;;
40;;preguntasTema40.csv;8;0;0;PENDIENTE;;
41;41. Desarrollo Agil de Software.md;preguntasTema41.csv;59;0;0;PENDIENTE;;
42;42. Construccion de Sistemas de Informacion.md;preguntasTema42.csv;11;1;0;PENDIENTE;;
43;43. Herramientas de diseño y desarrollo de sistemas de información.md;preguntasTema43.csv;39;0;0;PENDIENTE;;
44;;preguntasTema44.csv;7;0;0;PENDIENTE;;
45;45. Programación.md;preguntasTema45.csv;27;0;0;PENDIENTE;;
46;46. Lenguajes de programación.md;preguntasTema46.csv;45;2;0;PENDIENTE;;
47;47. Arquitecturas, lenguajes, herramientas y protocolos para utilización en Internet.md;preguntasTema47.csv;78;3;0;PENDIENTE;;
48;48. Accesibilidad y usabilidad. W3C.md;preguntasTema48.csv;28;3;0;PENDIENTE;;
49;49. Soluciones de movilidad.md;preguntasTema49.csv;10;1;0;PENDIENTE;;
50;50. Teoría de la Información y Sistemas Informáticos.md;preguntasTema50.csv;31;0;0;PENDIENTE;;
51;51. Arquitecturas Basicas de los SI.md;preguntasTema51.csv;8;1;0;PENDIENTE;;
52;52. Concepto y funciones de los SSOO.md;preguntasTema52.csv;38;1;0;PENDIENTE;;
53;53. El Sistema operativo Unix.md;preguntasTema53.csv;44;0;0;PENDIENTE;;
54;54. Software libre y de código abierto.md;preguntasTema54.csv;19;0;0;PENDIENTE;;
55;55. El procesamiento cooperativo y la arquitectura cliente-servidor.md;preguntasTema55.csv;25;0;0;PENDIENTE;;
56;;preguntasTema56.csv;6;0;0;PENDIENTE;;
57;57. Cloud Computing. IaaS, PaaS, Saas.md;preguntasTema57.csv;36;0;0;PENDIENTE;;
58;;preguntasTema58.csv;21;1;0;PENDIENTE;;
59;59. Redes de telecomunicaciones.md;preguntasTema59.csv;27;0;0;PENDIENTE;;
60;60. Protocolos y arquitectura OSI.md;preguntasTema60.csv;16;0;0;PENDIENTE;;
61;61. La arquitectura TCP_IP.md;preguntasTema61.csv;65;0;0;PENDIENTE;;
62;62. Redes de area local LAN.md;preguntasTema62.csv;40;0;0;PENDIENTE;;
63;63. Sistemas de cableado.md;preguntasTema63.csv;41;0;0;PENDIENTE;;
64;64. Redes de comunicaciones móviles.md;preguntasTema64.csv;9;1;0;PENDIENTE;;
65;65. Servicios de comunicaciones sobre IP.md;preguntasTema65.csv;19;0;0;PENDIENTE;;
66;66. Servicios de datos corporativos.md;preguntasTema66.csv;40;2;0;PENDIENTE;;
67;67. La seguridad en las redes.md;preguntasTema67.csv;45;0;0;PENDIENTE;;
68;68. EL INTERCAMBIO ELECTRÓNICO DE DATOS.md;preguntasTema68.csv;8;0;0;PENDIENTE;;
69;69. El Esquema Nacional de Interoperabilidad.md;preguntasTema69.csv;25;0;0;PENDIENTE;;
70;70. Estándares para el intercambio electrónico de información clínica HL7.md;preguntasTema70.csv;33;1;0;PENDIENTE;;
71;;preguntasTema71.csv;9;1;0;PENDIENTE;;
72;72. Los Sistemas de Gestion de BBDD.md;preguntasTema72.csv;58;1;0;PENDIENTE;;
73;73. El modelo relacional.md;preguntasTema73.csv;78;2;0;PENDIENTE;;
74;74. Gestión de los datos corporativos. Almacén de datos.md;preguntasTema74.csv;85;0;0;PENDIENTE;;
75;;preguntasTema75.csv;5;0;0;PENDIENTE;;
76;76. La Seguridad de las TI.md;preguntasTema76.csv;77;0;0;PENDIENTE;;
77;77. El Esquema Nacional de Seguridad. Ley de la protección de las infraestructuras críticas.md;preguntasTema77.csv;104;4;0;PENDIENTE;;
78;78. Análisis y Gestión de Riesgos.md;preguntasTema78.csv;36;0;0;PENDIENTE;;
79;79. Protección de datos.md;preguntasTema79.csv;47;0;0;PENDIENTE;;
80;;preguntasTema80.csv;4;0;0;PENDIENTE;;
81;;preguntasTema81.csv;7;0;0;PENDIENTE;;
82;82. La utilizacion de las TIC para la AE.md;preguntasTema82.csv;32;0;0;PENDIENTE;;
83;;preguntasTema83.csv;21;0;0;PENDIENTE;;
84;84. Internet.md;preguntasTema84.csv;13;0;0;PENDIENTE;;
85;;preguntasTema85.csv;9;0;0;PENDIENTE;;
86;86. Portales corporativos.md;preguntasTema86.csv;11;0;0;PENDIENTE;;
87;87. SISTEMAS DE INFORMACION ASISTENCIALES.md;preguntasTema87.csv;122;0;0;PENDIENTE;;
88;88. SISTEMAS DE INFORMACIÓN DE RECURSOS HUMANOS.md;preguntasTema88.csv;16;0;0;PENDIENTE;;
89;89. SISTEMAS DE INFORMACIÓN ECONOMICO-FINANCIEROS.md;preguntasTema89.csv;18;0;0;PENDIENTE;;
90;90. SISTEMAS DE INFORMACIÓN RELACIONADOS CON EL CIUDADANO.md;preguntasTema90.csv;23;1;0;PENDIENTE;;
91;91. AyudaDIGITAL.md;preguntasTema91.csv;32;1;0;PENDIENTE;;
92;92. El puesto de trabajo.md;preguntasTema92.csv;31;0;0;PENDIENTE;;
93;93. Ofimatica.md;preguntasTema93.csv;15;0;0;PENDIENTE;;
94;94. Herramientas de productividad personal.md;preguntasTema94.csv;15;0;0;PENDIENTE;;
95;95. E-leaming.md;preguntasTema95.csv;10;0;0;PENDIENTE;;
