ID,TEXTO,RESPUESTA_A,RESPUESTA_B,RESPUESTA_C,RESPUESTA_D,CORRECTA_A,CORRECTA_B,CORRECTA_C,CORRECTA_D
58,¿Cuál de los siguientes conforma un sistema en cluster?,Sistemas que utilizan múltiples CPU para llevar a cabo el trabajo formados por dos o más sistemas individuales acoplados.,"Sistemas que disponen de dos o más procesadores que se comunican entre sí, compartiendo el bus de la computadora y, en ocasiones el reloj, la memoria y los dispositivos periféricos.",Sistemas de un solo procesador.,Ninguna de las respuestas es correcta.,S,N,N,N
227,Indique la respuesta INCORRECTA. La utilización de “web farms” o granjas de servidores:,Libera al usuario final de tener que saber qué servidor está procesando su petición.,"Reduce el riesgo de errores de operaciones, con el resultado de que los usuarios finales ven mejorada la fiabilidad y una mayor disponibilidad del sistema.",Simplifica notablemente las actualizaciones del sistema; las acciones de actualización pueden ser llevadas a cabo mientras el acceso a los recursos está repartidos entre los múltiples sistemas en diferentes máquinas.,Minimiza el coste de una instalación web.,A,A,A,A
230,"Si en una granja de servidores Windows activamos el NLB, ¿qué funcionalidad estaremos habilitando?",La funcionalidad de monitor de transacciones.,La funcionalidad de servidor de informes.,La funcionalidad de servidor de streaming nativo.,La funcionalidad de balanceo de carga.,N,N,N,S
341,¿Qué métrica se utiliza para medir la alta disponibilidad de un sistema de información?,Tiempo medio entre fallos (MTBF).,Latencia.,Tiempo de respuesta.,Consumo de CPU.,S,N,N,N
342,"¿Qué característica, ligada al diseño de un sistema, se define como la capacidad de adaptación y respuesta de un sistema con respecto al rendimiento del mismo a medida que aumenta de forma significativa el número de usuarios?",Flexibilidad.,Alta disponibilidad.,Escalabilidad.,Redundancia.,N,N,S,N
1371,¿Cuál de las siguientes respuestas define el concepto de alta disponibilidad?,Es la habilidad de un sistema para funcionar bien cuando se presentan cambios en la demanda o en la carga del mismo.,Capacidad de que aplicaciones y datos se encuentren operativos para los usuarios autorizados en todo momento y sin interrupciones.,Es un indicador de la capacidad de respuesta del sistema para ejecutar una acción dentro de un intervalo de tiempo dado.,Es la habilidad del sistema para adaptarse a ambientes y situaciones variables y para soportar cambios en políticas de negocios y reglas de negocio.,N,S,N,N
3802,"En la arquitectura Harvard, ¿cuál es la principal diferencia frente a la arquitectura Von Neumann que permite eliminar el 'cuello de botella' en el acceso a memoria?","Usa un único bus para datos e instrucciones, pero con priorización dinámica.","Separa físicamente la memoria de instrucciones y la memoria de datos, utilizando buses independientes.",Implementa una caché unificada para acelerar el acceso secuencial.,"Elimina la necesidad de memoria principal, usando solo registros de la CPU.",N,S,N,N
3803,"En un sistema distribuido, ¿cuál de los siguientes es un desafío crítico asociado a la coherencia de datos?",Mayor latencia debido a la sincronización entre nodos.,Uso exclusivo de arquitecturas SIMD para procesamiento.,Limitación a un único sistema operativo en todos los nodos.,"Dependencia de terminales ""tontas"" para la gestión.",S,N,N,N
3804,¿Qué característica define principalmente a un sistema de alta disponibilidad (HA) en entornos críticos como hospitales?,Uso exclusivo de arquitecturas monolíticas para reducir fallos.,Implementación de redundancia y mecanismos de failover automático.,Limitación a escalabilidad vertical (scale-up) para evitar complejidad.,Dependencia de un único proveedor de nube pública.,N,S,N,N
3805,"En la evolución de las unidades centrales multiusuario, ¿qué tecnología permitió consolidar múltiples servidores físicos en uno solo, mejorando la utilización de recursos?",Computación cuántica.,"Terminales ""tontas"" con conexión serial.","Virtualización con hipervisores (ej. VMware, Hyper-V).",Arquitectura Harvard modificada.,N,N,S,N
3806,¿Cuál es la principal desventaja de los mainframes frente a los sistemas departamentales en términos de flexibilidad?,Menor capacidad de procesamiento en paralelo.,Alto costo de adquisición y mantenimiento.,Incompatibilidad con sistemas operativos modernos.,Dificultad para adaptarse rápidamente a cambios tecnológicos o necesidades específicas.,N,N,N,S
3807,"En el contexto de la planificación de sistemas informáticos, ¿qué técnica se utiliza específicamente para evaluar cómo se comporta un sistema bajo su carga máxima esperada?",Pruebas de usabilidad con usuarios finales.,Pruebas de estrés (stress testing).,Auditorías de código estático.,Migración gradual a entornos cloud.,N,S,N,N
3808,"¿Qué tipo de escalabilidad permite a un sistema distribuido en la nube agregar más nodos de servidores para manejar aumento de carga, en lugar de solo mejorar hardware existente?",Escalabilidad diagonal.,Escalabilidad vertical (scale-up).,Escalabilidad horizontal (scale-out).,Escalabilidad retroactiva.,N,N,S,N
3809,"En arquitecturas multiusuario tradicionales (como mainframes), ¿qué tecnología permite a dispositivos periféricos acceder directamente a la memoria sin sobrecargar la CPU?",Protocolo HTTP/3.,DMA (Direct Memory Access).,Arquitectura SIMD.,Sistemas de archivos distribuidos.,N,S,N,N
3810,¿Cuál de estas arquitecturas es más adecuada para un hospital que requiere alta disponibilidad y tolerancia a fallos en su sistema de historias clínicas electrónicas?,Arquitectura monolítica con un único servidor.,Clúster de servidores con redundancia y balanceo de carga.,Sistema peer-to-peer (P2P) sin servidor central.,Terminales tontas conectadas a un mainframe sin copias de seguridad.,N,S,N,N
6481,"En un entorno donde se requiere alta disponibilidad, ¿qué factor es crítico para evitar interrupciones en el servicio?",Garantizar redundancia en los componentes críticos del sistema.,Utilizar servidores con la mayor cantidad posible de memoria RAM.,Evitar el uso de redes de respaldo para reducir costos de infraestructura.,Programar mantenimientos frecuentes que impliquen apagados completos del sistema.,S,N,N,N
6654,¿Qué característica define mejor un sistema con alta disponibilidad?,Puede dar acceso a un alto número de usuarios simultáneamente.,Permite compartir un alto número de recursos.,Permite ejecutar un alto número de tareas en paralelo por cada CPU.,Garantiza un tiempo mínimo de inactividad y una recuperación rápida.,N,N,N,S
